﻿<?xml version='1.0' encoding='UTF-8'?>
<message:GenericData xmlns:footer="http://www.sdmx.org/resources/sdmxml/schemas/v2_1/message/footer" xmlns:generic="http://www.sdmx.org/resources/sdmxml/schemas/v2_1/data/generic" xmlns:common="http://www.sdmx.org/resources/sdmxml/schemas/v2_1/common" xmlns:message="http://www.sdmx.org/resources/sdmxml/schemas/v2_1/message" xmlns:xsi="http://www.w3.org/2001/XMLSchema-instance" xmlns:xml="http://www.w3.org/XML/1998/namespace">
  <message:Header>
    <message:ID>ff58d6ec00bc48832a3fd8ca32f844c3</message:ID>
    <message:Test>false</message:Test>
    <message:Prepared>2016-08-03T11:43:45</message:Prepared>
    <message:Sender id="ESTAT">
      <common:Name xml:lang="en">Eurostat</common:Name>
      <message:Timezone>+01:00</message:Timezone>
    </message:Sender>
    <message:Receiver id="RECEIVER"/>
    <message:Structure structureID="ESTAT_DSD_nama_gdp_c_1_0" dimensionAtObservation="TIME_PERIOD">
      <common:Structure>
        <Ref agencyID="ESTAT" id="DSD_nama_gdp_c" version="1.0"/>
      </common:Structure>
    </message:Structure>
    <message:DataSetAction>Append</message:DataSetAction>
    <message:DataSetID>nama_gdp_c</message:DataSetID>
  </message:Header>
  <message:DataSet structureRef="ESTAT_DSD_nama_gdp_c_1_0">
    <generic:Series>
      <generic:SeriesKey>
        <generic:Value id="UNIT" value="EUR_HAB"/>
        <generic:Value id="INDIC_NA" value="B1GM"/>
        <generic:Value id="GEO" value="DE"/>
        <generic:Value id="FREQ" value="A"/>
      </generic:SeriesKey>
      <generic:Obs>
        <generic:ObsDimension value="2013"/>
        <generic:ObsValue value="33300.0"/>
      </generic:Obs>
      <generic:Obs>
        <generic:ObsDimension value="2012"/>
        <generic:ObsValue value="32600.0"/>
      </generic:Obs>
      <generic:Obs>
        <generic:ObsDimension value="2011"/>
        <generic:ObsValue value="31900.0"/>
      </generic:Obs>
      <generic:Obs>
        <generic:ObsDimension value="2010"/>
        <generic:ObsValue value="30500.0"/>
      </generic:Obs>
    </generic:Series>
    <generic:Series>
      <generic:SeriesKey>
        <generic:Value id="UNIT" value="EUR_HAB"/>
        <generic:Value id="INDIC_NA" value="B1GM"/>
        <generic:Value id="GEO" value="FR"/>
        <generic:Value id="FREQ" value="A"/>
      </generic:SeriesKey>
      <generic:Obs>
        <generic:ObsDimension value="2013"/>
        <generic:ObsValue value="31300.0"/>
      </generic:Obs>
      <generic:Obs>
        <generic:ObsDimension value="2012"/>
        <generic:ObsValue value="31100.0"/>
      </generic:Obs>
      <generic:Obs>
        <generic:ObsDimension value="2011"/>
        <generic:ObsValue value="30700.0"/>
      </generic:Obs>
      <generic:Obs>
        <generic:ObsDimension value="2010"/>
        <generic:ObsValue value="29900.0"/>
      </generic:Obs>
    </generic:Series>
    <generic:Series>
      <generic:SeriesKey>
        <generic:Value id="UNIT" value="EUR_HAB"/>
        <generic:Value id="INDIC_NA" value="B1GM"/>
        <generic:Value id="GEO" value="IT"/>
        <generic:Value id="FREQ" value="A"/>
      </generic:SeriesKey>
      <generic:Obs>
        <generic:ObsDimension value="2013"/>
        <generic:ObsValue value="25600.0"/>
      </generic:Obs>
      <generic:Obs>
        <generic:ObsDimension value="2012"/>
        <generic:ObsValue value="25700.0"/>
      </generic:Obs>
      <generic:Obs>
        <generic:ObsDimension value="2011"/>
        <generic:ObsValue value="26000.0"/>
      </generic:Obs>
      <generic:Obs>
        <generic:ObsDimension value="2010"/>
        <generic:ObsValue value="25700.0"/>
      </generic:Obs>
    </generic:Series>
  </message:DataSet>
</message:GenericData>